fold,n,RMSE,MAE,R2,MAPE,Bias,BiasPct
2023-01-01,239,75675.73,57392.8,0.8122,12.21,6895.0,-1.26
2023-04-01,268,90310.41,66161.57,0.7225,13.02,28428.0,3.04
2023-07-01,238,74125.14,55272.52,0.8019,11.65,-8028.0,-3.53
2023-10-01,248,80750.92,57624.2,0.7641,12.24,1040.0,-2.25
2024-01-01,234,70469.5,50609.99,0.8233,10.19,19718.0,1.87
2024-04-01,241,73439.52,52231.47,0.8349,11.54,4657.0,-1.28
2024-07-01,333,76835.34,53618.01,0.807,11.24,14507.0,1.09
2024-10-01,391,73509.84,49994.71,0.7985,10.98,22733.0,2.14
2025-01-01,325,79372.44,60996.39,0.7664,13.88,35631.0,3.64
2025-04-01,415,82060.35,57357.85,0.7492,10.46,32512.0,4.75
2025-07-01,416,78706.77,59293.75,0.8091,11.7,35591.0,3.64
2025-10-01,333,88324.23,60720.36,0.783,13.26,35905.0,2.0
