cutoff,cutoff_date,test_rows,features,model,RMSE
0.6,2023-05-15,3318,v1,Linear Regression,284211.0
0.6,2023-05-15,3318,v1,Random Forest,105808.0
0.6,2023-05-15,3318,v1,XGBoost,108288.0
0.6,2023-05-15,3318,v2,Linear Regression,200715.0
0.6,2023-05-15,3318,v2,Random Forest,106002.0
0.6,2023-05-15,3318,v2,XGBoost,95353.0
0.7,2024-03-19,2487,v1,Linear Regression,115605.0
0.7,2024-03-19,2487,v1,Random Forest,110123.0
0.7,2024-03-19,2487,v1,XGBoost,116899.0
0.7,2024-03-19,2487,v2,Linear Regression,99875.0
0.7,2024-03-19,2487,v2,Random Forest,108159.0
0.7,2024-03-19,2487,v2,XGBoost,106775.0
0.8,2024-11-13,1655,v1,Linear Regression,131529.0
0.8,2024-11-13,1655,v1,Random Forest,116003.0
0.8,2024-11-13,1655,v1,XGBoost,128328.0
0.8,2024-11-13,1655,v2,Linear Regression,101581.0
0.8,2024-11-13,1655,v2,Random Forest,117195.0
0.8,2024-11-13,1655,v2,XGBoost,109816.0
0.9,2025-06-16,822,v1,Linear Regression,114201.0
0.9,2025-06-16,822,v1,Random Forest,102670.0
0.9,2025-06-16,822,v1,XGBoost,103344.0
0.9,2025-06-16,822,v2,Linear Regression,101133.0
0.9,2025-06-16,822,v2,Random Forest,96477.0
0.9,2025-06-16,822,v2,XGBoost,91646.0
