feature,importance
beds,0.36029696
property_type_from_address,0.2336024
suburb,0.14872167
baths,0.09346081
property_income_payable_unincorporated_enterprises,0.029211935
cpi_index,0.01679218
erp_population,0.016586825
sale_year,0.016460083
cars,0.016081251
longitude,0.010656287
land_area_m2,0.009068695
cash_rate_direction,0.0065060626
latitude,0.0053225835
distance_from_cbd_km,0.0048354967
total_gross_income,0.00467942
cpi_annual_change_pct,0.004258948
property_income_payable_interest_consumer_debt,0.0033667663
city_price_momentum_12m,0.0031007072
cash_rate_change_12m,0.002885221
total_property_income_payable,0.0028806825
city_price_momentum_6m,0.0023807655
sale_month,0.0023730204
cash_rate_target,0.0023286147
city_price_momentum_3m,0.0021291848
secondary_income_receivable_current_transfers_to_non_profit_institutions,0.0020134388
