fold,model,feature_set,n,RMSE,MAE,R2,MAPE,Bias,BiasPct
2023-01-01,Linear Regression,+policy,239,226064.92,199324.35,-0.6759,38.43,198092.0,37.71
2023-01-01,Linear Regression,baseline,239,232319.74,205582.27,-0.7699,39.69,204618.0,39.11
2023-01-01,Random Forest,+policy,239,81328.83,59084.55,0.7831,12.3,15664.0,0.18
2023-01-01,Random Forest,baseline,239,80342.97,58172.68,0.7883,12.06,15119.0,0.24
2023-01-01,XGBoost,+policy,239,76500.32,57187.71,0.8081,11.91,12371.0,0.25
2023-01-01,XGBoost,baseline,239,75675.73,57392.8,0.8122,12.21,6895.0,-1.26
2023-04-01,Linear Regression,+policy,268,104650.43,75814.84,0.6274,15.37,44430.0,4.85
2023-04-01,Linear Regression,baseline,268,105565.94,76669.89,0.6208,15.48,46485.0,5.27
2023-04-01,Random Forest,+policy,268,88371.25,64532.38,0.7343,12.75,30024.0,2.98
2023-04-01,Random Forest,baseline,268,88773.92,64642.55,0.7319,12.78,30164.0,3.12
2023-04-01,XGBoost,+policy,268,87445.03,63841.27,0.7398,12.75,22841.0,2.0
2023-04-01,XGBoost,baseline,268,90310.41,66161.57,0.7225,13.02,28428.0,3.04
2023-07-01,Linear Regression,+policy,238,102873.8,72932.05,0.6185,16.06,-20201.0,-7.26
2023-07-01,Linear Regression,baseline,238,104570.57,74293.89,0.6058,16.42,-25162.0,-8.27
2023-07-01,Random Forest,+policy,238,71739.67,53676.15,0.8145,11.16,-6123.0,-3.24
2023-07-01,Random Forest,baseline,238,71351.56,53404.37,0.8165,11.17,-6471.0,-3.4
2023-07-01,XGBoost,+policy,238,73844.17,54554.95,0.8034,11.35,-9952.0,-3.8
2023-07-01,XGBoost,baseline,238,74125.14,55272.52,0.8019,11.65,-8028.0,-3.53
2023-10-01,Linear Regression,+policy,248,93102.87,65850.31,0.6864,14.47,13298.0,-1.42
2023-10-01,Linear Regression,baseline,248,92976.42,65854.14,0.6873,14.5,12263.0,-1.63
2023-10-01,Random Forest,+policy,248,80806.27,59611.34,0.7638,12.47,3392.0,-1.81
2023-10-01,Random Forest,baseline,248,81850.32,60408.37,0.7576,12.68,2048.0,-2.19
2023-10-01,XGBoost,+policy,248,81918.51,58599.81,0.7572,12.47,3716.0,-1.81
2023-10-01,XGBoost,baseline,248,80750.92,57624.2,0.7641,12.24,1040.0,-2.25
2024-01-01,Linear Regression,+policy,234,102704.56,83661.05,0.6246,19.28,-55345.0,-15.24
2024-01-01,Linear Regression,baseline,234,108548.75,89473.78,0.5807,20.71,-64973.0,-17.27
2024-01-01,Random Forest,+policy,234,76308.31,53660.82,0.7928,10.44,25597.0,2.7
2024-01-01,Random Forest,baseline,234,77589.62,54367.64,0.7858,10.5,26292.0,2.85
2024-01-01,XGBoost,+policy,234,69522.34,49210.35,0.828,9.88,18915.0,1.71
2024-01-01,XGBoost,baseline,234,70469.5,50609.99,0.8233,10.19,19718.0,1.87
2024-04-01,Linear Regression,+policy,241,86795.06,62061.23,0.7694,14.9,-8122.0,-6.04
2024-04-01,Linear Regression,baseline,241,87067.5,62550.97,0.7679,15.08,-10749.0,-6.6
2024-04-01,Random Forest,+policy,241,75729.4,54094.52,0.8244,11.71,7433.0,-1.21
2024-04-01,Random Forest,baseline,241,76007.84,54475.83,0.8231,11.7,8333.0,-0.97
2024-04-01,XGBoost,+policy,241,74640.26,53461.43,0.8295,11.71,4888.0,-1.31
2024-04-01,XGBoost,baseline,241,73439.52,52231.47,0.8349,11.54,4657.0,-1.28
2024-07-01,Linear Regression,+policy,333,91719.78,61699.69,0.7249,13.84,11052.0,-1.75
2024-07-01,Linear Regression,baseline,333,91699.97,61614.15,0.725,13.85,10407.0,-1.88
2024-07-01,Random Forest,+policy,333,79367.58,55766.97,0.794,11.66,18342.0,1.48
2024-07-01,Random Forest,baseline,333,78824.04,55636.11,0.7968,11.68,18980.0,1.57
2024-07-01,XGBoost,+policy,333,77637.63,53891.26,0.8029,11.25,15141.0,1.17
2024-07-01,XGBoost,baseline,333,76835.34,53618.01,0.807,11.24,14507.0,1.09
2024-10-01,Linear Regression,+policy,391,95254.78,64743.88,0.6616,14.88,21051.0,-0.53
2024-10-01,Linear Regression,baseline,391,94644.29,64037.0,0.666,14.83,17677.0,-1.22
2024-10-01,Random Forest,+policy,391,73881.76,52001.91,0.7964,11.6,25820.0,2.42
2024-10-01,Random Forest,baseline,391,74925.18,52268.93,0.7907,11.57,25753.0,2.48
2024-10-01,XGBoost,+policy,391,72866.63,49953.75,0.802,10.84,21623.0,2.06
2024-10-01,XGBoost,baseline,391,73509.84,49994.71,0.7985,10.98,22733.0,2.14
2025-01-01,Linear Regression,+policy,325,111336.87,79386.36,0.5404,16.51,53233.0,6.53
2025-01-01,Linear Regression,baseline,325,103435.5,67228.32,0.6034,14.7,25554.0,1.08
2025-01-01,Random Forest,+policy,325,79447.0,58889.92,0.766,13.38,33976.0,2.98
2025-01-01,Random Forest,baseline,325,81173.28,61202.35,0.7557,13.72,39329.0,4.14
2025-01-01,XGBoost,+policy,325,78948.07,59494.23,0.7689,13.83,31601.0,2.42
2025-01-01,XGBoost,baseline,325,79372.44,60996.39,0.7664,13.88,35631.0,3.64
2025-04-01,Linear Regression,+policy,415,101278.41,73206.27,0.618,13.78,37593.0,4.81
2025-04-01,Linear Regression,baseline,415,96955.83,67499.62,0.6499,12.97,20563.0,1.59
2025-04-01,Random Forest,+policy,415,88137.08,61932.02,0.7107,11.14,45222.0,7.26
2025-04-01,Random Forest,baseline,415,86293.29,60640.34,0.7227,10.88,45001.0,7.26
2025-04-01,XGBoost,+policy,415,86911.19,62327.57,0.7187,11.29,30877.0,4.33
2025-04-01,XGBoost,baseline,415,82060.35,57357.85,0.7492,10.46,32512.0,4.75
2025-07-01,Linear Regression,+policy,416,95542.95,68869.85,0.7186,16.13,8312.0,-4.08
2025-07-01,Linear Regression,baseline,416,98264.13,73092.57,0.7024,16.48,23655.0,-1.25
2025-07-01,Random Forest,+policy,416,82004.77,60970.68,0.7927,11.91,39619.0,4.06
2025-07-01,Random Forest,baseline,416,85809.93,64923.37,0.773,12.5,47113.0,5.67
2025-07-01,XGBoost,+policy,416,78994.57,59193.87,0.8077,11.86,35361.0,2.93
2025-07-01,XGBoost,baseline,416,78706.77,59293.75,0.8091,11.7,35591.0,3.64
2025-10-01,Linear Regression,+policy,333,98913.57,73802.02,0.7278,17.1,7414.0,-4.78
2025-10-01,Linear Regression,baseline,333,101250.95,77916.33,0.7148,17.31,25412.0,-1.58
2025-10-01,Random Forest,+policy,333,86227.57,62570.51,0.7932,13.8,35423.0,1.3
2025-10-01,Random Forest,baseline,333,90426.59,66474.01,0.7725,14.22,43482.0,2.66
2025-10-01,XGBoost,+policy,333,88056.6,60223.41,0.7843,13.25,34322.0,1.51
2025-10-01,XGBoost,baseline,333,88324.23,60720.36,0.783,13.26,35905.0,2.0
